SerialNo,ModelNo,Status
SPECLN6EYIRPOY,C240,Sold
SPECZJFEDD81KC,C240,Sold
SPECUUCJ7UIIIR,C240,In Stock
SPECD9B768PP0C,C240,In Stock
SPECHQ0J77005M,C240,In Stock
SPEC00FDQMJIER,C240,In Stock
SPEC1EHFLK7ECP,F240v,Sold
SPECMV48OAINQS,F240v,In Stock
SPEC78H40J02UX,F240v,In Stock
SPECVUPCZGQIWU,F240v,In Stock
SPECKIZ2ISY6LC,F240v,In Stock
SPEC7GTWY7Q31S,F240v,In Stock
SPEC63EC1IMOYX,F240v,In Stock
SPEC9E8TIWSRBY,PG240,In Stock
SPECBVJI5QA57P,PG240,In Stock
SPECI3FQAP7VDR,PG240,In Stock
SPECW2AS4TUWCP,PG240,In Stock
SPEC069KWIF5MZ,W240v,Sold
SPECJOZ786NOZC,W240v,In Stock
SPECMXILG6T9KR,W240v,In Stock
SPECUH1CHKVHGT,W240v,In Stock
SPEC9PXEX1MV7C,W240v,In Stock
SPEC3QA4HSJH9P,W240v,In Stock
SPECGVFW7CAJYU,W240v,In Stock
SPECGJNUBG226P,W240v,In Stock
SPECZVKWGXMDKX,W240v,In Stock
SPECHR2V8TDAPX,W240v,In Stock
SPECYATGTYZ3DP,X240,Sold
SPECT9OLJH2B8S,X240,In Stock
SPECRC1SLZ9XWS,X240,In Stock
SPECZV7ZLRPKRT,X240,In Stock
SPECF16FWS38DC,X240,In Stock
SPECWQNFON3EIT,X240,In Stock
SPEC18EV37ET1U,X240,In Stock
SPECUBI8Q8SRJZ,X240,In Stock
SPEC9K5Z2I422Z,X240,In Stock
SPEC0PBVHUGSVU,C270,Sold
SPECOB837MNMRR,C270,Sold
SPEC1J7L4FRTOZ,C270,Sold
SPEC9PDL8EVCMM,C270,In Stock
SPEC1FYTSGT4PC,C270,In Stock
SPECM6LVLXRUTM,C270,In Stock
SPECW3ZQCETP5T,C270,In Stock
SPEC1IOQPZPOBC,PG270,In Stock
SPEC259AW07FGZ,PG270,In Stock
SPECNPCY2XG5GZ,PG270,In Stock
SPECT8BCZO2L9X,PG270,In Stock
SPEC4UA6EUGEDR,PG270,In Stock
SPECNW2OVWINNC,PG270,In Stock
SPEC0UX5J8FXQZ,PG270,In Stock
SPECRA59IC93IR,PG270,In Stock
SPEC1GJNWTJMWM,PG270,In Stock
SPECEI4K9XQ6CP,PG270 PRO,Sold
SPECG2KTEDYEOR,PG270 PRO,Sold
SPECAYGJYZKAFY,PG270 PRO,In Stock
SPECMVLXAC4A8U,PG270 PRO,In Stock
SPECX670SF4Z9R,PG270 PRO,In Stock
SPECKGI5HA8CRR,PG270 PRO,In Stock
SPECM1FGHHIP5C,PG270 PRO,In Stock
SPECIT3601ZZYS,W270,Sold
SPECUW2RFC75LT,W270,In Stock
SPECKD249VMTXC,W270,In Stock
SPEC3SSEDHSG4S,W270,In Stock
SPECGDZLKO0A3E,W270,In Stock
SPECKY0C9CW1EX,W270,In Stock
SPECB6ZO3FHJGR,W270,In Stock
SPEC1QERJLD5KT,W270,In Stock
SPECJ7777ZRMCE,W270,In Stock
SPECXIMBQJCQKZ,W270,In Stock
SPECKQKSSWAULR,W270,In Stock
SPECS195TOMTOT,W270,In Stock
SPEC9REBW2MZ1P,W270,In Stock
SPECY9BF49VQAP,W270 PRO,In Stock
SPEC7444AI51MM,W270 PRO,In Stock
SPECK2LLJ48ERS,W270 PRO,In Stock
SPECIPANHIDH3U,W270 PRO,In Stock
SPEC49VCQ1HA1U,W270 Ultra,Sold
SPECDWEFIAGEUU,W270 Ultra,In Stock
SPEC4JN2JAY1BY,W270 Ultra,In Stock
SPECMBDB20C5BT,W270 Ultra,In Stock
SPEC2RZV3R03IM,W270 Ultra,In Stock
SPECNRWAVZT5PU,W270 Ultra,In Stock
SPEC2KOW02GFRX,X270,In Stock
SPECA7PX6GUORE,X270,In Stock
SPECP2MTW7X1YS,X270,In Stock
SPECVW57UZYSFU,X270,In Stock
SPEC500VMB82AT,X270,In Stock
SPECG3G915G8JY,X270,In Stock
SPECWUF3H10W0M,X270 240Hz,Sold
SPECT2AI7PLDDY,X270 240Hz,In Stock
SPECUY75WZLZIZ,X270 240Hz,In Stock
SPEC1GIG2AGZ0Z,X270 240Hz,In Stock
SPECF8KM1L5E4S,X270 240Hz,In Stock
SPECRK86GC6OXY,X270 240Hz,In Stock
SPECKFUL88KW7X,X270 240Hz,In Stock
SPECIWDVTXGB4E,X270 PRO,Sold
SPECDQUMZN1FFZ,X270 PRO,In Stock
SPECJ225HCHHHS,X270 PRO,In Stock
SPECSHLTYN3FDX,X270 PRO,In Stock
SPECN347DPSO2C,X270 PRO,In Stock
